datetime,time,elapsed,avg
2026-02-09 17:52:00.284444, 17:52:00, 0.00, 0.00
2026-02-09 17:52:24.520958, 17:52:24, 21.01, 10.50
2026-02-09 17:52:40.740198, 17:52:40, 12.99, 11.33
2026-02-09 17:54:48.084689, 17:54:48, 0.00, 0.00
2026-02-09 17:55:08.041973, 17:55:08, 16.73, 8.36
2026-02-09 17:55:18.670891, 17:55:18, 7.39, 8.04
2026-02-09 17:55:45.720227, 17:55:45, 23.81, 11.98
2026-02-09 17:56:03.632184, 17:56:03, 14.67, 12.52
2026-02-09 17:56:19.663233, 17:56:19, 12.80, 12.57
2026-02-09 17:56:30.747056, 17:56:30, 7.84, 11.89
2026-02-09 17:56:53.433183, 17:56:53, 19.45, 12.84
2026-02-09 17:57:01.796942, 17:57:01, 5.14, 11.98
2026-02-09 17:57:23.670476, 17:57:23, 18.64, 12.65
2026-02-09 17:57:37.674637, 17:57:37, 10.75, 12.48
2026-02-09 17:58:01.497158, 17:58:01, 20.58, 13.15
2026-02-09 18:09:24.415224, 18:09:24, 679.67, 64.42
2026-02-09 18:09:33.987175, 18:09:33, 6.34, 60.27
2026-02-09 18:09:51.591278, 18:09:51, 14.37, 57.21
2026-02-09 18:10:08.568663, 18:10:08, 13.74, 54.50
2026-02-09 18:10:31.071743, 18:10:31, 19.28, 52.42
2026-02-09 18:10:56.481473, 18:10:56, 22.19, 50.74
2026-02-09 18:11:09.536085, 18:11:09, 9.83, 48.59
2026-02-09 18:11:21.259096, 18:11:21, 8.49, 46.59
2026-02-09 18:11:26.768955, 18:11:26, 2.27, 44.48
2026-02-09 18:11:33.384557, 18:11:33, 3.39, 42.61
2026-02-09 18:11:48.735701, 18:11:48, 12.12, 41.28
2026-02-09 18:12:06.793113, 18:12:06, 14.84, 40.18
2026-02-09 18:12:32.775865, 18:12:32, 22.76, 39.48
2026-02-09 18:12:40.604159, 18:12:40, 4.60, 38.14
2026-02-09 18:12:48.460081, 18:12:48, 4.62, 36.90
2026-02-09 18:13:09.493180, 18:13:09, 17.80, 36.22
2026-02-09 18:13:23.045985, 18:13:23, 10.32, 35.33
2026-02-09 18:13:36.664017, 18:13:36, 10.38, 34.49
2026-02-09 18:14:01.845637, 18:14:01, 21.96, 34.09
2026-02-09 18:14:28.879968, 18:14:28, 23.81, 33.77
2026-02-09 18:14:42.714150, 18:14:42, 10.60, 33.07
2026-02-09 18:15:01.511853, 18:15:01, 15.57, 32.55
2026-02-09 18:15:23.972192, 18:15:23, 19.24, 32.17
2026-02-09 18:15:30.001952, 18:15:30, 2.80, 31.36
2026-02-09 18:15:43.978989, 18:15:43, 10.74, 30.80
2026-02-09 18:15:53.368982, 18:15:53, 6.16, 30.15
2026-02-09 18:16:00.799190, 18:16:00, 4.20, 29.48
2026-02-09 18:16:24.114073, 18:16:24, 20.08, 29.25
2026-02-09 18:16:33.610979, 18:16:33, 6.26, 28.69
2026-02-09 18:16:38.424290, 18:16:38, 1.58, 28.04
2026-02-09 18:16:58.390195, 18:16:58, 16.73, 27.78
2026-02-09 18:17:17.718330, 18:17:17, 16.09, 27.51
2026-02-09 18:17:41.991485, 18:17:41, 21.02, 27.37
2026-02-09 18:18:08.770287, 18:18:08, 23.54, 27.29
2026-02-09 18:18:21.429822, 18:18:21, 9.43, 26.91
2026-02-09 18:18:32.979096, 18:18:32, 8.32, 26.52
2026-02-09 18:20:25.286568, 18:20:25, 109.09, 28.21
2026-02-09 18:20:36.823320, 18:20:36, 8.30, 27.81
2026-02-09 18:20:46.254276, 18:20:46, 6.20, 27.38
2026-02-09 18:21:04.605296, 18:21:04, 15.12, 27.15
2026-02-09 18:21:21.784633, 18:21:21, 13.95, 26.90
2026-02-09 18:21:42.363538, 18:21:42, 17.35, 26.72
2026-02-09 18:22:06.198474, 18:22:06, 20.60, 26.61
2026-02-09 18:22:29.805830, 18:22:29, 20.37, 26.50
2026-02-09 18:22:47.611699, 18:22:47, 14.57, 26.29
2026-02-09 18:23:07.123568, 18:23:07, 16.28, 26.12
2026-02-09 18:23:19.516231, 18:23:19, 9.16, 25.83
2026-02-09 18:23:37.029084, 18:23:37, 14.28, 25.64
2026-02-09 18:23:56.192395, 18:23:56, 15.93, 25.48
2026-02-09 18:24:06.289655, 18:24:06, 6.86, 25.18
2026-02-09 18:24:13.932003, 18:24:13, 4.41, 24.85
2026-02-09 18:24:22.095092, 18:24:22, 4.93, 24.54
2026-02-09 18:24:30.245238, 18:24:30, 4.92, 24.24
2026-02-09 18:24:42.660605, 18:24:42, 9.18, 24.01
2026-02-09 18:25:00.400261, 18:25:00, 14.50, 23.87
2026-02-09 18:25:23.274206, 18:25:23, 19.64, 23.80
2026-02-09 18:25:42.107114, 18:25:42, 15.60, 23.68
2026-02-09 18:26:04.579824, 18:26:04, 19.24, 23.62
2026-02-09 18:26:26.441410, 18:26:26, 18.64, 23.55
2026-02-09 18:26:50.995276, 18:26:50, 21.32, 23.52
2026-02-09 18:27:02.278898, 18:27:02, 8.05, 23.31
2026-02-09 18:27:17.924091, 18:27:17, 12.41, 23.16
2026-02-09 18:27:33.502135, 18:27:33, 12.35, 23.02
2026-02-09 18:27:48.253985, 18:27:48, 11.53, 22.87
2026-02-09 18:28:01.698134, 18:28:01, 10.21, 22.70
2026-02-09 18:28:19.130227, 18:28:19, 14.20, 22.59
2026-02-09 18:28:28.427234, 18:28:28, 6.06, 22.38
2026-02-09 18:28:50.859795, 18:28:50, 19.20, 22.34
2026-02-09 18:29:08.424683, 18:29:08, 14.33, 22.24
2026-02-09 18:29:28.726840, 18:29:28, 17.07, 22.18
2026-02-09 18:29:37.127129, 18:29:37, 5.18, 21.98
2026-02-09 18:29:52.825315, 18:29:52, 12.46, 21.86
2026-02-09 18:29:59.843397, 18:29:59, 3.79, 21.65
2026-02-09 18:30:16.847766, 18:30:16, 13.78, 21.56
2026-02-09 18:30:39.707650, 18:30:39, 19.63, 21.54
2026-02-09 18:30:50.938365, 18:30:50, 8.00, 21.38
2026-02-09 18:31:00.422119, 18:31:00, 6.25, 21.21
2026-02-09 18:31:14.266558, 18:31:14, 10.61, 21.09
2026-02-09 18:54:36.281807, 18:54:36, 1398.78, 36.23
2026-02-09 18:54:59.514575, 18:54:59, 19.99, 36.06
2026-02-09 18:55:19.200742, 18:55:19, 16.46, 35.85
2026-02-09 18:55:43.462170, 18:55:43, 21.02, 35.69
2026-02-09 18:56:01.106285, 18:56:01, 14.41, 35.46
2026-02-09 18:56:08.256128, 18:56:08, 3.92, 35.14
2026-02-09 18:56:18.394981, 18:56:18, 6.91, 34.85
2026-02-09 18:56:35.561041, 18:56:35, 13.93, 34.63
2026-02-09 18:56:41.587005, 18:56:41, 2.80, 34.31
2026-02-09 18:57:02.380526, 18:57:02, 17.56, 34.14
2026-02-09 18:57:21.413444, 18:57:21, 15.79, 33.96
2026-02-09 18:57:43.515555, 18:57:43, 18.87, 33.81
2026-02-09 18:57:55.638179, 18:57:55, 8.89, 33.57
2026-02-09 18:58:16.352085, 18:58:16, 17.48, 33.42
2026-02-09 18:58:31.729989, 18:58:31, 12.15, 33.21
2026-02-09 18:58:44.026947, 18:58:44, 9.06, 32.99
2026-02-09 18:59:03.538856, 18:59:03, 16.27, 32.83
2026-02-09 18:59:14.436028, 18:59:14, 7.66, 32.60
2026-02-09 18:59:26.825776, 18:59:26, 9.15, 32.38
2026-02-09 18:59:49.954825, 18:59:49, 19.89, 32.27
2026-02-09 19:00:43.997410, 19:00:43, 50.81, 32.44
2026-02-09 19:01:06.189877, 19:01:06, 18.97, 32.31
2026-02-09 19:01:16.048319, 19:01:16, 6.64, 32.09
2026-02-09 19:01:33.389054, 19:01:33, 14.10, 31.93
2026-02-09 19:01:47.096755, 19:01:47, 10.47, 31.74
2026-02-09 19:02:00.037321, 19:02:00, 9.71, 31.55
2026-02-09 19:02:18.013668, 19:02:18, 14.75, 31.41
2026-02-09 19:02:30.471931, 19:02:30, 9.24, 31.22
2026-02-09 19:02:52.691168, 19:02:52, 18.99, 31.12
2026-02-09 19:03:15.539357, 19:03:15, 19.63, 31.02
2026-02-09 19:03:32.318325, 19:03:32, 13.54, 30.88
2026-02-09 19:03:49.668953, 19:03:49, 14.11, 30.74
2026-02-09 19:04:12.224545, 19:04:12, 19.33, 30.65
2026-02-09 19:04:22.469050, 19:04:22, 7.01, 30.46
